Classifier Name,Training or Test Set,Balanced or Unbalanced,Fold,Number of Training Samples,Number of Non-Healthy Companies,True Positives (TP),True Negatives (TN),False Positives (FP),False Negatives (FN),ROC-AUC,Accuracy,Precision,Recall,F1 Score,Specificity
LDA,Train,Balanced,1,744,186,79,523,35,107,0.8669,0.8091,0.693,0.4247,0.5267,0.9373
LDA,Test,Balanced,1,744,186,31,2399,218,31,0.8303,0.9071,0.1245,0.5,0.1994,0.9167
Logistic Regression,Train,Balanced,1,744,186,69,526,32,117,0.8654,0.7997,0.6832,0.371,0.4808,0.9427
Logistic Regression,Test,Balanced,1,744,186,30,2431,186,32,0.8349,0.9186,0.1389,0.4839,0.2158,0.9289
Decision Tree,Train,Balanced,1,744,186,186,558,0,0,1.0,1.0,1.0,1.0,1.0,1.0
Decision Tree,Test,Balanced,1,744,186,35,2149,468,27,0.6928,0.8152,0.0696,0.5645,0.1239,0.8212
Random Forest,Train,Balanced,1,744,186,186,558,0,0,1.0,1.0,1.0,1.0,1.0,1.0
Random Forest,Test,Balanced,1,744,186,32,2391,226,30,0.8558,0.9044,0.124,0.5161,0.2,0.9136
kNN,Train,Balanced,1,744,186,115,517,41,71,0.9148,0.8495,0.7372,0.6183,0.6725,0.9265
kNN,Test,Balanced,1,744,186,33,2311,306,29,0.8202,0.875,0.0973,0.5323,0.1646,0.8831
Naive Bayes,Train,Balanced,1,744,186,86,504,54,100,0.8509,0.793,0.6143,0.4624,0.5276,0.9032
Naive Bayes,Test,Balanced,1,744,186,30,2318,299,32,0.824,0.8764,0.0912,0.4839,0.1535,0.8857
SVM,Train,Balanced,1,744,186,95,528,30,91,0.896,0.8374,0.76,0.5108,0.6109,0.9462
SVM,Test,Balanced,1,744,186,32,2422,195,30,0.8473,0.916,0.141,0.5161,0.2215,0.9255
Gradient Boosting,Train,Balanced,1,744,186,166,550,8,20,0.9931,0.9624,0.954,0.8925,0.9222,0.9857
Gradient Boosting,Test,Balanced,1,744,186,37,2345,272,25,0.8458,0.8891,0.1197,0.5968,0.1995,0.8961
LDA,Train,Balanced,2,744,186,66,520,38,120,0.8217,0.7876,0.6346,0.3548,0.4552,0.9319
LDA,Test,Balanced,2,744,186,27,2473,144,35,0.8729,0.9332,0.1579,0.4355,0.2318,0.945
Logistic Regression,Train,Balanced,2,744,186,60,527,31,126,0.8191,0.789,0.6593,0.3226,0.4332,0.9444
Logistic Regression,Test,Balanced,2,744,186,23,2503,114,39,0.8619,0.9429,0.1679,0.371,0.2312,0.9564
Decision Tree,Train,Balanced,2,744,186,186,558,0,0,1.0,1.0,1.0,1.0,1.0,1.0
Decision Tree,Test,Balanced,2,744,186,39,2091,526,23,0.714,0.7951,0.069,0.629,0.1244,0.799
Random Forest,Train,Balanced,2,744,186,186,558,0,0,1.0,1.0,1.0,1.0,1.0,1.0
Random Forest,Test,Balanced,2,744,186,32,2449,168,30,0.8896,0.9261,0.16,0.5161,0.2443,0.9358
kNN,Train,Balanced,2,744,186,114,516,42,72,0.9118,0.8468,0.7308,0.6129,0.6667,0.9247
kNN,Test,Balanced,2,744,186,31,2348,269,31,0.8308,0.888,0.1033,0.5,0.1713,0.8972
Naive Bayes,Train,Balanced,2,744,186,103,473,85,83,0.7992,0.7742,0.5479,0.5538,0.5508,0.8477
Naive Bayes,Test,Balanced,2,744,186,43,2260,357,19,0.8463,0.8596,0.1075,0.6935,0.1861,0.8636
SVM,Train,Balanced,2,744,186,64,537,21,122,0.8845,0.8078,0.7529,0.3441,0.4723,0.9624
SVM,Test,Balanced,2,744,186,24,2518,99,38,0.854,0.9489,0.1951,0.3871,0.2595,0.9622
Gradient Boosting,Train,Balanced,2,744,186,144,550,8,42,0.9859,0.9328,0.9474,0.7742,0.8521,0.9857
Gradient Boosting,Test,Balanced,2,744,186,34,2427,190,28,0.854,0.9186,0.1518,0.5484,0.2378,0.9274
LDA,Train,Balanced,3,744,186,87,523,35,99,0.867,0.8199,0.7131,0.4677,0.5649,0.9373
LDA,Test,Balanced,3,744,186,22,2414,203,40,0.7943,0.9093,0.0978,0.3548,0.1533,0.9224
Logistic Regression,Train,Balanced,3,744,186,80,526,32,106,0.8668,0.8145,0.7143,0.4301,0.5369,0.9427
Logistic Regression,Test,Balanced,3,744,186,17,2445,172,45,0.7982,0.919,0.0899,0.2742,0.1355,0.9343
Decision Tree,Train,Balanced,3,744,186,186,558,0,0,1.0,1.0,1.0,1.0,1.0,1.0
Decision Tree,Test,Balanced,3,744,186,25,2197,420,37,0.6214,0.8294,0.0562,0.4032,0.0986,0.8395
Random Forest,Train,Balanced,3,744,186,186,558,0,0,1.0,1.0,1.0,1.0,1.0,1.0
Random Forest,Test,Balanced,3,744,186,24,2410,207,38,0.7956,0.9085,0.1039,0.3871,0.1638,0.9209
kNN,Train,Balanced,3,744,186,126,518,40,60,0.9319,0.8656,0.759,0.6774,0.7159,0.9283
kNN,Test,Balanced,3,744,186,20,2348,269,42,0.7315,0.8839,0.0692,0.3226,0.114,0.8972
Naive Bayes,Train,Balanced,3,744,186,101,498,60,85,0.8481,0.8051,0.6273,0.543,0.5821,0.8925
Naive Bayes,Test,Balanced,3,744,186,24,2273,344,38,0.7846,0.8574,0.0652,0.3871,0.1116,0.8686
SVM,Train,Balanced,3,744,186,104,525,33,82,0.8958,0.8454,0.7591,0.5591,0.644,0.9409
SVM,Test,Balanced,3,744,186,18,2436,181,44,0.7946,0.916,0.0905,0.2903,0.1379,0.9308
Gradient Boosting,Train,Balanced,3,744,186,162,556,2,24,0.9932,0.9651,0.9878,0.871,0.9257,0.9964
Gradient Boosting,Test,Balanced,3,744,186,22,2356,261,40,0.7743,0.8876,0.0777,0.3548,0.1275,0.9003
LDA,Train,Balanced,4,744,186,86,521,37,100,0.8517,0.8159,0.6992,0.4624,0.5566,0.9337
LDA,Test,Balanced,4,744,186,23,2402,215,39,0.8428,0.9052,0.0966,0.371,0.1533,0.9178
Logistic Regression,Train,Balanced,4,744,186,78,525,33,108,0.8483,0.8105,0.7027,0.4194,0.5253,0.9409
Logistic Regression,Test,Balanced,4,744,186,21,2436,181,41,0.8362,0.9171,0.104,0.3387,0.1591,0.9308
Decision Tree,Train,Balanced,4,744,186,186,558,0,0,1.0,1.0,1.0,1.0,1.0,1.0
Decision Tree,Test,Balanced,4,744,186,31,2105,512,31,0.6522,0.7973,0.0571,0.5,0.1025,0.8044
Random Forest,Train,Balanced,4,744,186,186,558,0,0,1.0,1.0,1.0,1.0,1.0,1.0
Random Forest,Test,Balanced,4,744,186,29,2424,193,33,0.8636,0.9156,0.1306,0.4677,0.2042,0.9263
kNN,Train,Balanced,4,744,186,113,524,34,73,0.9148,0.8562,0.7687,0.6075,0.6787,0.9391
kNN,Test,Balanced,4,744,186,30,2338,279,32,0.8135,0.8839,0.0971,0.4839,0.1617,0.8934
Naive Bayes,Train,Balanced,4,744,186,106,491,67,80,0.8221,0.8024,0.6127,0.5699,0.5905,0.8799
Naive Bayes,Test,Balanced,4,744,186,33,2275,342,29,0.8314,0.8615,0.088,0.5323,0.151,0.8693
SVM,Train,Balanced,4,744,186,79,544,14,107,0.8924,0.8374,0.8495,0.4247,0.5663,0.9749
SVM,Test,Balanced,4,744,186,20,2478,139,42,0.8467,0.9324,0.1258,0.3226,0.181,0.9469
Gradient Boosting,Train,Balanced,4,744,186,156,553,5,30,0.992,0.953,0.9689,0.8387,0.8991,0.991
Gradient Boosting,Test,Balanced,4,744,186,35,2390,227,27,0.872,0.9052,0.1336,0.5645,0.216,0.9133
